energy_TeV,xs_sm_pb,xs_diss_pb,xs_Psi_fb
7,17.2,17.2,1.0
8,22.3,22.308392473118282,2.0
13,50.6,50.71425806451613,5.0
14,55.7,55.84673655913979,8.0
27,120.5,121.40698924731183,15.0
100,450.0,465.74999999999994,25.0
